{"cameraMode":{"drawMode":0,"name":"Shaded","section":"Shading Mode"},"sceneLighting":false,"audioPlay":false,"sceneViewState":{"showFog":true,"showMaterialUpdate":true,"showSkybox":false,"showFlares":true,"showImageEffects":true,"showParticleSystems":true},"in2DMode":false,"pivot":{"x":0.011040616780519486,"y":1.477743148803711,"z":1.4803194999694825},"rotation":{"x":-0.04348662868142128,"y":-0.0014984619338065386,"z":0.0000613174561294727,"w":-0.999052882194519},"size":0.833730936050415,"orthographic":true}