{"cameraMode":{"drawMode":0,"name":"Shaded","section":"Shading Mode"},"sceneLighting":false,"audioPlay":false,"sceneViewState":{"showFog":true,"showMaterialUpdate":true,"showSkybox":false,"showFlares":true,"showImageEffects":true,"showParticleSystems":true},"in2DMode":false,"pivot":{"x":13608.419921875,"y":37.276275634765628,"z":-1306.2384033203125},"rotation":{"x":-0.04348662868142128,"y":-0.0014984619338065386,"z":0.0000613174561294727,"w":-0.999052882194519},"size":0.8335578441619873,"orthographic":true}