{"cameraMode":{"drawMode":0,"name":"Shaded","section":"Shading Mode"},"sceneLighting":false,"audioPlay":false,"sceneViewState":{"showFog":true,"showMaterialUpdate":false,"showSkybox":false,"showFlares":true,"showImageEffects":true,"showParticleSystems":true},"in2DMode":false,"pivot":{"x":13608.419921875,"y":37.276275634765628,"z":-1306.2384033203125},"rotation":{"x":-0.05246555060148239,"y":0.012600655667483807,"z":-0.0008907330920919776,"w":-0.998542845249176},"size":0.8335578441619873,"orthographic":true}