{"cameraMode":{"drawMode":0,"name":"Shaded","section":"Shading Mode"},"sceneLighting":true,"audioPlay":false,"sceneViewState":{"showFog":true,"showMaterialUpdate":false,"showSkybox":true,"showFlares":true,"showImageEffects":true,"showParticleSystems":true},"in2DMode":false,"pivot":{"x":13.13568115234375,"y":2.566162109375,"z":-0.81640625},"rotation":{"x":-0.05246555060148239,"y":0.012600655667483807,"z":-0.0008907330920919776,"w":-0.998542845249176},"size":19.697433471679689,"orthographic":true}