{"cameraMode":{"drawMode":0,"name":"Shaded","section":"Shading Mode"},"sceneLighting":false,"audioPlay":false,"sceneViewState":{"showFog":true,"showMaterialUpdate":false,"showSkybox":false,"showFlares":true,"showImageEffects":true,"showParticleSystems":true},"in2DMode":false,"pivot":{"x":0.011040616780519486,"y":1.477743148803711,"z":1.4803194999694825},"rotation":{"x":-0.05246555060148239,"y":0.012600655667483807,"z":-0.0008907330920919776,"w":-0.998542845249176},"size":0.833730936050415,"orthographic":true}